id,candidato,url,caption,likes,shortCode,comentarios,data,categoria,validacao_1,subcategoria,validacao_2,formato,claimed_by,claimed_at,created_at
38,Caiado,https://www.instagram.com/p/Ddemu-OFJDt/,"Você ouviu os argumentos. O momento agora pede coragem para mudar! Agradeço ao @pedrodoria pelas palavras!

#Caiado55
__
Propaganda eleitoral: PARTIDO SOCIAL DEMOCRÁTICO - PSD - CNPJ 68.599.317/0001-20",15201,Ddemu-OFJDt,2926,9/19/2026,Conteúdo personalista,OK,Relações pessoais e interpessoais,OK,Video,,,2026-09-25 14:40:01.444279+00
39,Caiado,https://www.instagram.com/p/Ddcau6jlTVC/,"Em Goiás, implementei uma política que já oferece esse tipo de medicamento pelo SUS desde 2023. Obesidade é doença e precisa de tratamento adequado. Saúde pública se faz com planejamento, acesso e entrega, não com promessa de ocasião.

#Caiado55
__
Propaganda eleitoral: PARTIDO SOCIAL DEMOCRÁTICO - PSD - CNPJ 68.599.317/0001-20",12503,Ddcau6jlTVC,828,9/18/2026,Conteúdo programático,OK,Campanha negativa,Campanha negativa,Sidecar,,,2026-09-25 14:40:01.444279+00
40,Caiado,https://www.instagram.com/p/Ddbz8tMoVrT/,"“Sou de Goiás e ele falou a verdade.”

O comentário apareceu em um trecho em que Ronaldo Caiado relembra o embate que teve com a Enel durante seu governo em Goiás. Questionado sobre privatizações e sobre os problemas enfrentados hoje por consumidores em São Paulo, Caiado afirmou que pressionou pela saída da empresa do estado e usou o episódio como exemplo da forma como diz enfrentar problemas de gestão. A Enel efetivamente vendeu sua distribuidora em Goiás para a Equatorial em 2022.

A fala repercutiu principalmente entre quem acompanhou de perto a situação da energia em Goiás — como mostra o comentário destacado no vídeo.

O episódio completo de 1 CANDIDATO VS 30 BRASILEIROS INDECISOS, com Ronaldo Caiado, está disponível no YouTube do @canal.foco.",11994,Ddbz8tMoVrT,444,9/18/2026,Conteúdo programático,OK,Prestação de contas,OK,Video,,,2026-09-25 14:40:01.444279+00
41,Caiado,https://www.instagram.com/p/DdRiRrzIolU/,"Ronaldo Caiado sentou no fundo branco do Canal Foco para encarar trinta brasileiros de regiões, profissões e posições políticas distintas, em uma conversa na qual nenhuma pergunta foi enviada previamente e nenhum tema foi vetado. Ao longo do episódio, os participantes questionaram o governador sobre saúde, segurança pública, educação, economia e os rumos do país nos próximos anos, sempre a partir daquilo que afeta diretamente o cotidiano de cada um.

Hoje, às 19h, no canal.

Comente qual pergunta você faria se estivesse entre os trinta.",11125,DdRiRrzIolU,224,9/14/2026,Conteúdo programático,OK,Mobilização política,Mobilização política,Video,,,2026-09-25 14:40:01.444279+00
42,Caiado,https://www.instagram.com/p/DdaKwltuqQv/,"Você é a favor dos colégios militares?

Em Goiás, os colégios militares fazem parte de um modelo baseado em disciplina, gestão e foco na aprendizagem. O estado se tornou referência nacional na educação.

Quero levar essa experiência para o Brasil: escola organizada, aluno aprendendo e educação pública entregando resultado. 

#Caiado55
—
Propaganda eleitoral: PARTIDO SOCIAL DEMOCRÁTICO - PSD - CNPJ 68.599.317/0001-20",8380,DdaKwltuqQv,711,9/18/2026,Conteúdo programático,OK,Propostas e soluções,OK,Video,,,2026-09-25 14:40:01.444279+00
43,Caiado,https://www.instagram.com/p/DdUAZ8aERbt/,"Ronaldo Caiado foi colocado diante de 30 eleitores indecisos para responder perguntas que vão direto ao centro do debate político brasileiro.

Autoridade de quem governa, combate à corrupção, pena de morte e prisão perpétua, o modelo de gestão de Goiás e propostas para enfrentar a violência contra a mulher entraram na conversa.

Em alguns momentos, Caiado defende que um governante precisa liderar pelo exemplo. Em outros, é pressionado a explicar até onde iria no endurecimento das leis e por que acredita que sua experiência em Goiás poderia ser aplicada ao Brasil.

São posições, propostas e questionamentos colocados frente a frente com quem ainda não decidiu o voto.

▶️ 1 PRESIDENCIÁVEL VS 30 ELEITORES INDECISOS, com Ronaldo Caiado, já disponível no YouTube do @canal.foco",8136,DdUAZ8aERbt,273,9/15/2026,Conteúdo programático,Conteúdo programático,Mobilização política,Mobilização política,Sidecar,,,2026-09-25 14:40:01.444279+00
44,Caiado,https://www.instagram.com/p/DdUh2EDRRA-/,"Ronaldo Caiado teve que se posicionar. Sem discurso longo e sem fugir dos temas.

No Confronto Direto, o candidato à Presidência recebe uma sequência de pautas e precisa dizer o que pensa sobre cada uma delas: a favor, contra ou explicando onde está sua discordância.

Segurança pública, facções criminosas, feminicídio, Israel e Palestina, propostas de outros candidatos e as razões pelas quais Caiado acredita estar preparado para governar o Brasil entram na rodada. Algumas respostas são rápidas. Outras viram debate.

Quer ver Caiado sendo questionado com mais profundidade?

▶️ Assista 1 PRESIDENCIÁVEL VS 30 ELEITORES INDECISOS, já disponível no YouTube do @canal.foco.",8127,DdUh2EDRRA-,348,9/15/2026,Conteúdo programático,OK,Mobilização política,Mobilização política,Video,,,2026-09-25 14:40:01.444279+00
45,Caiado,https://www.instagram.com/p/DdTwM8uPgG_/,"Preparem a pipoca e garantam os ingressos. ️

Vem aí “Mar de Lama”: parece comédia, mas a tragédia é real.
__
Propaganda eleitoral: PARTIDO SOCIAL DEMOCRÁTICO - PSD - CNPJ 68.599.317/0001-20",5766,DdTwM8uPgG_,647,9/15/2026,Conteúdo programático,Conteúdo programático,Campanha negativa,Campanha negativa,Produzido por IA,,,2026-09-25 14:40:01.444279+00
68,Cury,https://www.instagram.com/p/DdVCcH0sl4a/,"O Brasil vai votar no escuro?

A menos de 20 dias da eleição, o centro do debate nacional não são propostas, não é o futuro, não é a dor de quem acorda cedo para sustentar a família. É o STF.

E um julgamento importante foi adiado por pedido de vista, o mecanismo que na prática suspende a decisão no Supremo.

Isso é uma vergonha.

Empurrar essa resposta para depois de 4 de outubro é mandar o eleitor para a urna sem saber o que está acontecendo. Justamente quando ele mais precisa de clareza.

Enquanto eles gritam em Brasília, eu ouço a sua dor. E você tem o direito de votar com consciência.

 Se você acha que o brasileiro merece respostas ANTES da urna, comenta “EU QUERO SABER” e encaminha pela setinha para 3 pessoas que ainda não perceberam o que está em jogo.

Augusto Cury Presidente 7️⃣0️⃣

CNPJ 68.581.887/0001-92 | ELEIÇÕES 2026 AUGUSTO CURY | AVANTE

#CUREOBRASIL #augustocury #cury70 #stf #eleicoes2026 brasil",116509,DdVCcH0sl4a,9462,9/16/2026,Conteúdo programático,Conteúdo programático,Campanha negativa,Campanha negativa,Video,,,2026-09-25 14:40:01.444279+00
69,Cury,https://www.instagram.com/p/DdUtaV3xv5v/,"Quatro cadeiras. Um mandato só.

Se o Lula for reeleito, sete das onze cadeiras passam a ter indicação dele. E maioria no tribunal é seis.

Mas isso não é defeito de um partido. O Bolsonaro indicou dois ministros que ficam até 2047. A Dilma indicou dois que ainda estão lá. Todo mundo que chegou fez igual.

O problema não é quem senta na cadeira. É que a cadeira não tem prazo, e a escolha não tem povo.

Você vota por quatro anos. Eles ficam por vinte e cinco.

Assiste até o fim e manda para quem ainda não fez essa conta.

CNPJ 68.581.887/0001-92 - ELEIÇÕES 2026 AUGUSTO CURY - AVANTE

#AugustoCury70 #CampanhaDaEscuta #STF #Eleições2026",103817,DdUtaV3xv5v,5763,9/15/2026,Conteúdo programático,OK,Pautas e problemas públicos,OK,Video,,,2026-09-25 14:40:01.444279+00
70,Cury,https://www.instagram.com/p/DdY9Y0JR4-Y/,"“PAI DOS POBRES” não pode significar manter milhões de brasileiros presos à pobreza.

Eu respeito quem precisa de auxílio. Eu conheço essa dor. Cresci em uma família com oito pessoas dividindo um único quarto.

Mas minha crítica ao Lula é direta: política social precisa ajudar quem está embaixo a subir.

Por isso, eu defendo duas coisas ao mesmo tempo: auxílio para quem precisa e uma transição segura para quem consegue emprego, assina carteira ou abre um MEI, sem perder tudo de uma hora pra outra.

A pessoa precisa ter segurança para trabalhar, crescer, empreender e conquistar independência.

Emprego melhor. Formação técnica. Crédito acessível. Microempresa. E uma ponte para sair da pobreza sem medo de perder o chão.

Quero saber de você: faz sentido cortar o auxílio assim que a pessoa começa a trabalhar? 

Comenta aqui e compartilha esse debate.

Augusto Cury, candidato a Presidente do Brasil, número 7️⃣0️⃣. 

CNPJ 68.581.887/0001-92 - ELEIÇÕES 2026 AUGUSTO CURY - AVANTE

#augustocury #cury70 #emprego #empreendedorismo #pobreza eleicoes2026",73827,DdY9Y0JR4-Y,4891,9/17/2026,Conteúdo programático,OK,Propostas e soluções,OK,Video,,,2026-09-25 14:40:01.444279+00
71,Cury,https://www.instagram.com/p/DdWQVJxRAxu/,"Mateus, eu prometi saúde mental. Não esse tanto de criatividade 

@mateusvalerios conseguiu transformar polarização em pisadinha e ainda me fez rir no processo.

Se você também quer menos guerra, mais equilíbrio e um Brasil um pouco mais feliz, compartilha esse vídeo.

O Brasil só quer ser feliz. 

Augusto Cury Presidente7️⃣0️⃣
CNPJ 68.581.887/0001-92 - ELEIÇÕES 2026 AUGUSTO CURY - AVANTE

#augustocury #cury70 #obrasilsoquerserfeliz #saúdemental #eleicoes2026",62997,DdWQVJxRAxu,2064,9/16/2026,Conteúdo personalista,OK,Relações pessoais e interpessoais,OK,Video,,,2026-09-25 14:40:01.444279+00
72,Cury,https://www.instagram.com/p/DdfHgUkR5bJ/,"LULA, POR QUE SÓ AGORA?

Se o Bolsa Família precisava de aumento, por que esperar chegar tão perto da eleição? Por que não fazer isso antes?

Usar a dor dos outros para ganhar uma cadeira de presidente é uma irresponsabilidade.

Quando estive na Rocinha convidado pelos líderes da comunidade, fui para ouvir quem conhece a pobreza de perto, pois papai e mamãe e seis filhos morávamos todos num quarto pequeno!!! Quem passa necessidade merece respeito, responsabilidade e política pública o ano inteiro.

Lula não ama os pobres, ama o cargo!!! Agora eu quero saber sua opinião: aumentar o benefício tão perto da eleição levanta ou não uma dúvida legítima sobre o momento dessa decisão? 

COMENTE E COMPARTILHE essa pergunta.

Augusto Cury Presidente 7️⃣0️⃣
Vice Júlio Delgado

CNPJ 68.581.887/0001-92 - ELEIÇÕES 2026 AUGUSTO CURY - AVANTE

#augustocury #cury70 #bolsafamilia #rocinha #brasil eleicoes2026",56106,DdfHgUkR5bJ,4021,9/19/2026,Conteúdo personalista,Conteúdo personalista,Campanha negativa,Campanha negativa,Video,,,2026-09-25 14:40:01.444279+00
73,Cury,https://www.instagram.com/p/DdcNfO1pfzF/,"@damasceno_naeuropa foi direto ao ponto 

Se o Brasil anda precisando de equilíbrio, saúde mental e um pouco menos de loucura política, então eu aceito a brincadeira.

Obrigado pelo carinho e pela criatividade.

Agora me conta: você também acha que o Brasil precisa de mais equilíbrio?

Augusto Cury Presidente7️⃣0️⃣
CNPJ 68.581.887/0001-92 - ELEIÇÕES 2026 AUGUSTO CURY - AVANTE
#augustocury #cury70 #saúdemental #obrasilsoquerserfeliz #eleic",48242,DdcNfO1pfzF,1435,9/18/2026,Conteúdo personalista,OK,Relações pessoais e interpessoais,Relações pessoais e interpessoais,Video,,,2026-09-25 14:40:01.444279+00
74,Cury,https://www.instagram.com/p/DdaPcHxsK_U/,"“VOTO ÚTIL” PRA QUEM?

Se você acredita em um candidato, votar nele no primeiro turno não é jogar voto fora. Pesquisa não é resultado, medo não é proposta e escolher o “menos pior” não deveria virar regra toda eleição.

Você escolheria o menos pior para operar seu coração? Para ensinar seu filho? Então por que aceitar isso para decidir o futuro do país?

No dia 4 de outubro, vote com consciência, compare propostas e escolha quem realmente representa o Brasil que você quer construir.

E manda isso para alguém que ainda está pensando em votar só por medo do outro lado. 

Augusto Cury Presidente 7️⃣0️⃣
Vice Júlio Delgado

CNPJ 68.581.887/0001-92 - ELEIÇÕES 2026 AUGUSTO CURY - AVANTE

#augustocury #cury70 #votoutil #eleicoes2026 #brasil politica",47199,DdaPcHxsK_U,5565,9/18/2026,Conteúdo programático,OK,Mobilização política,OK,Video,,,2026-09-25 14:40:01.444279+00
75,Cury,https://www.instagram.com/p/DdbwqQARGPB/,"ELEITOR DO FLÁVIO, EU QUERO FALAR DIRETAMENTE COM VOCÊ.

Segundo o Datafolha , eu sou o ÚNICO nome testado que VENCE o  Lula em um eventual segundo turno.

O BRASIL PRECISA ENTENDER ISSO! Envie esse vídeo urgente para todos os seus seguidores, amigos e familiares!!!

Existe uma alternativa fora da velha disputa, com proposta, equilíbrio e um projeto para pacificar o Brasil.

Se você acredita que esse cenário precisa chegar a mais gente, COMPARTILHE ESTE DADO, MANDE NOS GRUPOS e participe dessa mudança ajudando mais brasileiros a conhecerem essa alternativa.

O Brasil só muda quando as pessoas entram na conversa. Vamos curar o Brasil!!

Augusto Cury Presidente 7️⃣0️⃣
Vice Júlio Delgado

CNPJ 68.581.887/0001-92 - ELEIÇÕES 2026 AUGUSTO CURY - AVANTE

#augustocury #cury70 #datafolha #eleicoes2026 #brasil politica",43963,DdbwqQARGPB,5985,9/18/2026,Conteúdo personalista,Conteúdo personalista,Competência,Competência,Video,,,2026-09-25 14:40:01.444279+00
76,Cury,https://www.instagram.com/p/DdO6DsORvNo/,"Cê tentou de um lado.
Cê tentou do outro.
Agora tenta o 70. 

O Brasil não precisa repetir a mesma briga esperando um final diferente.

Vamos ser felizes juntos?

Augusto Cury Presidente 7️⃣0️⃣

CNPJ 68.581.887/0001-92 - ELEIÇÕES 2026 AUGUSTO CURY - AVANTE

#augustocury #cury70 #obrasilsoquerserfeliz #presidente70 #eleicoes2026",38241,DdO6DsORvNo,4010,9/13/2026,Conteúdo personalista,Conteúdo personalista,Identidade,Identidade,Video,,,2026-09-25 14:40:01.444279+00
87,Flavio,https://www.instagram.com/p/DdaV0Z4JQPx/,"Peço que assistam até o final!

Depois de todo o estrago que o Lula fez na economia e no bolso das famílias, R$ 90 a mais dá só para passar mais raiva no mercado. Lula não tem vergonha na cara!

Vote 2️⃣2️⃣
O Brasil vai vencer

#BolsaFamilia
#FlavioBolsonaro 
#ForaPT
#Bolsonaro

PARTIDO LIBERAL - CNPJ 68.581.907/0001-25 - PROPAGANDA ELEITORAL",708346,DdaV0Z4JQPx,57013,9/18/2026,Conteúdo personalista,OK,Campanha negativa,OK,Video,,,2026-09-25 14:40:01.444279+00
88,Flavio,https://www.instagram.com/p/Ddb4_oRJuaf/,"Bateu o desespero nos petistas. A partir de agora Lula vai mentir muito mais e vai usar a máquina pública das piores maneiras. Mas nós estamos preparados e vamos libertar o Brasil. 

Vote 2️⃣2️⃣
O Brasil vai vencer!

#FlavioBolsonaro
#PrimeiroTurno
#ForaPT
#ForaLula",581054,Ddb4_oRJuaf,35357,9/18/2026,Conteúdo personalista,OK,Campanha negativa,OK,Video,,,2026-09-25 14:40:01.444279+00
89,Flavio,https://www.instagram.com/p/DdU3zlZJag-/,"Meeeeeeeeuuuu Deus!
É o Bloco do 2️⃣2️⃣
Fortaleza - CE

Com @andrefernandes e @alcidesfernandes

PARTIDO LIBERAL - CNPJ 68.581.907/0001-25 - PROPAGANDA ELEITORAL",578976,DdU3zlZJag-,48233,9/15/2026,Conteúdo personalista,OK,Relações pessoais e interpessoais,OK,Video,,,2026-09-25 14:40:01.444279+00
90,Flavio,https://www.instagram.com/p/DdTsklgp7h8/,"Interrompi meu próprio programa eleitoral para fazer um pronunciamento oficial a nação brasileira. 

O Brasil precisa ser passado a limpo.

A mudança que o país precisa tem nome: Flávio Bolsonaro 2️⃣2️⃣

#Bolsonaro #FlavioBolsonaro #Vote22",457335,DdTsklgp7h8,33627,9/15/2026,Conteúdo personalista,OK,Competência,OK,Video,,,2026-09-25 14:40:01.444279+00
114,Lula,https://www.instagram.com/p/DdT7Z4TDs1X/,"Fome, desemprego e uma crise sanitária sem precedentes. O Brasil já passou por isso. Não podemos permitir que aconteça de novo.

_

Propaganda eleitoral - Coligação Brasil pronto pra mais: PSB/PDT/Federação Fé Brasil (PT/PCdoB/PV)/Federação PSOL-REDE (PSOL/REDE). CNPJ: 68.475.818/0001-02.",1118466,DdT7Z4TDs1X,46736,9/15/2026,Conteúdo programático,OK,Campanha negativa,OK,Sidecar,,,2026-09-25 14:40:01.444279+00
115,Lula,https://www.instagram.com/p/DdbHkyyu8ex/,"Obrigado a todos os artistas que estão comigo e com Alckmin nessa caminhada. O Brasil tem legado, tem futuro e está pronto pra mais. Bora! ❤️

_

Propaganda eleitoral - Coligação Brasil pronto pra mais: PSB/PDT/Federação Fé Brasil(PT/PCdoB/PV)/Federação PSOL-REDE (PSOL/REDE). CNPJ: 68.475.818/0001-02.",519475,DdbHkyyu8ex,39183,9/18/2026,Conteúdo personalista,OK,Relações pessoais e interpessoais,OK,Video,,,2026-09-25 14:40:01.444279+00
116,Lula,https://www.instagram.com/p/DdZ0yXLN6Zy/,"As canetas emagrecedoras serão disponibilizadas no SUS! 
Mais acesso ao tratamento da obesidade e mais qualidade de vida para a população. 

_

Propaganda eleitoral - Coligação Brasil pronto pra mais: PSB/PDT/Federação Fé Brasil(PT/PCdoB/PV)/Federação PSOL-REDE (PSOL/REDE). CNPJ: 68.475.818/0001-02.",451976,DdZ0yXLN6Zy,34294,9/17/2026,Conteúdo programático,OK,Propostas e soluções,OK,Image,,,2026-09-25 14:40:01.444279+00
117,Lula,https://www.instagram.com/p/DdXvgdDs8QC/,"Sobre legado. Sobre passado, presente e futuro. Viva Lula. Viva o povo brasileiro!",362578,DdXvgdDs8QC,8678,9/17/2026,Conteúdo personalista,OK,Identidade,OK,Video,,,2026-09-25 14:40:01.444279+00
118,Lula,https://www.instagram.com/p/DdPPB-rNZYX/,"O Farmácia Popular é o nosso programa que garante 41 medicamentos totalmente gratuitos para quem precisa em todo o Brasil. 

Agora, estamos prontos para mais na Saúde. Vamos ampliar o Farmácia Popular com exames e teleconsultas gratuitas através do SUS. 

Um avanço necessário e fundamental para garantir dignidade e atendimento de qualidade para todas as famílias.

O Brasil está pronto para mais!

—————
Propaganda eleitoral - Coligação Brasil pronto pra mais: PSB/PDT/Federação Fé Brasil(PT/PCdoB/PV)/Federação PSOL-REDE (PSOL/REDE). CNPJ: 68.475.818/0001-02.",299347,DdPPB-rNZYX,7368,9/13/2026,Conteúdo programático,OK,Propostas e soluções,OK,Image,,,2026-09-25 14:40:01.444279+00
119,Lula,https://www.instagram.com/p/DdWSuGUDj_o/,"Com a família Bolsonaro, o Brasil volta pra trás.

_

Propaganda eleitoral - Coligação Brasil pronto pra mais: PSB/PDT/Federação Fé Brasil(PT/PCdoB/PV)/Federação PSOL-REDE (PSOL/REDE). CNPJ: 68.475.818/0001-02.",270030,DdWSuGUDj_o,29929,9/16/2026,Conteúdo personalista,OK,Campanha negativa,OK,Sidecar,,,2026-09-25 14:40:01.444279+00
120,Lula,https://www.instagram.com/p/DdRWfJoDony/,"O Brasil terá a maior rede pública e gratuita de tratamento do câncer do mundo. Esse é um compromisso do meu governo.

A proposta de criação da Rede Brasil contra o Câncer faz parte da nossa diretriz de ampliar o atendimento oncológico no Sistema Único de Saúde (SUS), garantindo que todas as famílias tenham acesso ao tratamento.

Já temos mais de 300 Centros de Tratamento do Câncer. Agora, vamos levar essa estrutura a todas as cidades brasileiras com mais de 150 mil habitantes.

O Brasil está pronto para mais. 

_

Propaganda eleitoral - Coligação Brasil pronto pra mais: PSB/PDT/Federação Fé Brasil(PT/PCdoB/PV)/Federação PSOL-REDE (PSOL/REDE). CNPJ: 68.475.818/0001-02.",244115,DdRWfJoDony,6650,9/14/2026,Conteúdo programático,OK,Propostas e soluções,OK,Sidecar,,,2026-09-25 14:40:01.444279+00
121,Lula,https://www.instagram.com/p/DdOmLsExdMf/,Feliz dia 13! Bom dia! ⭐️✅,221750,DdOmLsExdMf,6777,9/13/2026,Conteúdo personalista,OK,Identidade,OK,Video,,,2026-09-25 14:40:01.444279+00
122,Lula,https://www.instagram.com/p/DdP2yghuz4T/,"Mais um filho de Dona Canô fez o L. Que sorte a minha! ❤️

Caetano, obrigado pelo carinho e pelo apoio. É uma honra ter você ao meu lado nessa caminhada, na luta por um Brasil que está pronto para mais. 

_

Propaganda eleitoral - Coligação Brasil pronto pra mais: PSB/PDT/Federação Fé Brasil(PT/PCdoB/PV)/Federação PSOL-REDE (PSOL/REDE). CNPJ: 68.475.818/0001-02.",217343,DdP2yghuz4T,9343,9/14/2026,Conteúdo personalista,OK,Relações pessoais e interpessoais,OK,Video,,,2026-09-25 14:40:01.444279+00
123,Lula,https://www.instagram.com/p/Ddcq5syOPkK/,"O que vocês acham que o Presidente da República deve fazer com as BETS? 
_

Propaganda eleitoral - Coligação Brasil pronto pra mais: PSB/PDT/Federação Fé Brasil(PT/PCdoB/PV)/Federação PSOL-REDE (PSOL/REDE). CNPJ: 68.475.818/0001-02.",216906,Ddcq5syOPkK,17050,9/18/2026,Conteúdo programático,OK,Propostas e soluções,OK,Video,,,2026-09-25 14:40:01.444279+00
124,Lula,https://www.instagram.com/p/DdUs_YotGIK/,"Você sabe o que Flávio Bolsonaro colocou no seu plano de governo?

Assiste até o fim e tire suas próprias conclusões.
_

Propaganda eleitoral - Coligação Brasil pronto pra mais: PSB/PDT/Federação Fé Brasil(PT/PCdoB/PV)/Federação PSOL-REDE (PSOL/REDE). CNPJ: 68.475.818/0001-02.",215915,DdUs_YotGIK,8957,9/15/2026,Conteúdo programático,OK,Campanha negativa,OK,Video,,,2026-09-25 14:40:01.444279+00
125,Lula,https://www.instagram.com/p/DdcGTMhtZFe/,"Eu tiro o meu chapéu para o povo brasileiro! 

_

Propaganda eleitoral - Coligação Brasil pronto pra mais: PSB/PDT/Federação Fé Brasil(PT/PCdoB/PV)/Federação PSOL-REDE (PSOL/REDE). CNPJ: 68.475.818/0001-02.",203207,DdcGTMhtZFe,14759,9/18/2026,Conteúdo personalista,OK,Identidade,OK,Video,,,2026-09-25 14:40:01.444279+00
126,Lula,https://www.instagram.com/p/DdZBiHGOBbx/,"O Bolsa Família vai ser reajustado para recompor a inflação e proteger o poder de compra das famílias brasileiras. O benefício mínimo passa de R$ 600 para R$ 691.

É o Governo Federal cuidando de quem precisa, combatendo a fome, reduzindo a pobreza e criando condições para que milhões de brasileiros tenham mais renda, mais oportunidades e uma vida melhor. 

_

Propaganda eleitoral - Coligação Brasil pronto pra mais: PSB/PDT/Federação Fé Brasil(PT/PCdoB/PV)/Federação PSOL-REDE (PSOL/REDE). CNPJ: 68.475.818/0001-02.",198403,DdZBiHGOBbx,22799,9/17/2026,Conteúdo programático,OK,Propostas e soluções,OK,Image,,,2026-09-25 14:40:01.444279+00
127,Lula,https://www.instagram.com/p/Ddbs8QaunUH/,"Tá confirmado! A partir de outubro, o Bolsa Família vai aumentar de novo. O valor mínimo, que era R$ 600, passa para R$ 691. E o benefício médio, que era R$ 675, vai para R$ 777.

Isso quer dizer mais dinheiro pra feira, pro gás, pro leite das crianças. Reajustamos também cada pedaço do benefício: o valor por pessoa da família sobe de R$ 142 para R$ 164.

Dinheiro na mão do povo que vai ajudar a movimentar o comércio e fazer a roda da economia a girar. 

O novo valor já entra na folha de outubro, e cai na conta de quem recebe o benefício a partir do dia 19.

O povo brasileiro é a minha causa. Enquanto eu for presidente, vou continuar cuidando de cada família brasileira. 

_

Propaganda eleitoral - Coligação Brasil pronto pra mais: PSB/PDT/Federação Fé Brasil(PT/PCdoB/PV)/Federação PSOL-REDE (PSOL/REDE). CNPJ: 68.475.818/0001-02.",179665,Ddbs8QaunUH,12989,9/18/2026,Conteúdo programático,OK,Propostas e soluções,Propostas e soluções,Image,,,2026-09-25 14:40:01.444279+00
128,Lula,https://www.instagram.com/p/DdUhZWXlbWC/,"Conheça as propostas que vão levar o Brasil ainda mais longe. 

Um programa feito para cuidar do presente sem deixar de olhar para o futuro. Porque já fizemos muito, mas sabemos que podemos fazer muito mais. Mais emprego e renda. Saúde e educação de qualidade. Segurança para as famílias. Desenvolvimento, inovação e oportunidades para todos.

O futuro começa agora. É o Brasil pronto pra mais! ❤️
_

Propaganda eleitoral - Coligação Brasil pronto pra mais: PSB/PDT/Federação Fé Brasil(PT/PCdoB/PV)/Federação PSOL-REDE (PSOL/REDE). CNPJ: 68.475.818/0001-02.",170715,DdUhZWXlbWC,5562,9/15/2026,Conteúdo programático,OK,Propostas e soluções,OK,Sidecar,,,2026-09-25 14:40:01.444279+00
129,Lula,https://www.instagram.com/p/DdOvhrFOaYi/,"Ter Maria Bethânia ao meu lado é combustível para seguir na luta por um Brasil mais justo, soberano e igualitário. Obrigado pelo carinho e pelo apoio, Bethânia. ❤️

—

Propaganda eleitoral - Coligação Brasil pronto pra mais: PSB/PDT/Federação Fé Brasil(PT/PCdoB/PV)/Federação PSOL-REDE (PSOL/REDE). CNPJ: 68.475.818/0001-02.",170461,DdOvhrFOaYi,10928,9/13/2026,Conteúdo personalista,OK,Relações pessoais e interpessoais,OK,Video,,,2026-09-25 14:40:01.444279+00
143,Renan,https://www.instagram.com/p/DdbX6jozcuO/,Disseram para você que eu sou estupido. Pois então….,194503,DdbX6jozcuO,8159,9/18/2026,Conteúdo personalista,OK,Campanha negativa,Campanha negativa,Video,,,2026-09-25 14:40:01.444279+00
144,Renan,https://www.instagram.com/p/Ddac_5gtO98/,Sobrou NADA.,173278,Ddac_5gtO98,9342,9/18/2026,Conteúdo programático,Conteúdo programático,Pautas e problemas públicos,Pautas e problemas públicos,Video,,,2026-09-25 14:40:01.444279+00
145,Renan,https://www.instagram.com/p/DdbtND0xyhH/,Querem usar o Bolsa Família para te enganar.,147609,DdbtND0xyhH,6953,9/18/2026,Conteúdo programático,OK,Campanha negativa,OK,Video,,,2026-09-25 14:40:01.444279+00
146,Renan,https://www.instagram.com/p/DdSDC0HNfah/,A última pesquisa que fico atrás do Lula,135213,DdSDC0HNfah,4564,9/14/2026,Conteúdo personalista,OK,Competência,OK,Video,,,2026-09-25 14:40:01.444279+00
147,Renan,https://www.instagram.com/p/DdZNX8uRNXd/,Vamo pra cima deles!,122089,DdZNX8uRNXd,5072,9/17/2026,Conteúdo personalista,OK,Identidade,OK,Video,,,2026-09-25 14:40:01.444279+00
148,Renan,https://www.instagram.com/p/DdcHMc-tUlp/,Uma feminista tentou armar contra mim.,116939,DdcHMc-tUlp,5047,9/18/2026,Conteúdo personalista,OK,Campanha negativa,Campanha negativa,Video,,,2026-09-25 14:40:01.444279+00
149,Renan,https://www.instagram.com/p/DdUxOk3RXcx/,,112581,DdUxOk3RXcx,2846,9/15/2026,,,,,Video,,,2026-09-25 14:40:01.444279+00
150,Renan,https://www.instagram.com/p/DdPNBZ1NUab/,Ela lembrou da minha participação no Jornal Nacional!,107504,DdPNBZ1NUab,2523,9/13/2026,Conteúdo personalista,OK,Relações pessoais e interpessoais,Relações pessoais e interpessoais,Video,,,2026-09-25 14:40:01.444279+00
151,Renan,https://www.instagram.com/p/DdaUxTxxKOi/,Agora está nas mãos do Ministro Mendonça. Que a justiça seja feita.,103786,DdaUxTxxKOi,2458,9/18/2026,Conteúdo personalista,OK,Competência,OK,Image,,,2026-09-25 14:40:01.444279+00
152,Renan,https://www.instagram.com/p/DdZKeWlkc6r/,Primeira parada do dia: Chapecó. Completamente lotado. Seguimos na Futuro Glorioso Tour rumo a Passo Fundi e Caxias do Sul ainda hoje. Quem eu controlo por lá?,81405,DdZKeWlkc6r,1087,9/17/2026,Conteúdo personalista,OK,Relações pessoais e interpessoais,Relações pessoais e interpessoais,Sidecar,,,2026-09-25 14:40:01.444279+00
153,Renan,https://www.instagram.com/p/DdRI6QyxpoF/,A transição que quero para o bolsa-família,77343,DdRI6QyxpoF,2459,9/14/2026,Conteúdo programático,OK,Propostas e soluções,OK,Video,,,2026-09-25 14:40:01.444279+00
154,Renan,https://www.instagram.com/p/DdSS8Hmx28x/,Façam a coisa certa!,77115,DdSS8Hmx28x,1610,9/14/2026,Conteúdo programático,Conteúdo programático,Mobilização política,Mobilização política,Video,,,2026-09-25 14:40:01.444279+00
155,Renan,https://www.instagram.com/p/DdXRR3ltI8-/,"Que recepção, Maringá!",77113,DdXRR3ltI8-,1761,9/16/2026,Conteúdo personalista,OK,Relações pessoais e interpessoais,Relações pessoais e interpessoais,Video,,,2026-09-25 14:40:01.444279+00
156,Renan,https://www.instagram.com/p/DdXZhTExZ3v/,"SEJA UM MULTIPLICADOR!

Vamos converter o máximo de votos possível.",73004,DdXZhTExZ3v,1298,9/16/2026,Conteúdo programático,OK,Mobilização política,OK,Video,,,2026-09-25 14:40:01.444279+00
157,Renan,https://www.instagram.com/p/DdNaAMxNRUW/,Você concorda?,66182,DdNaAMxNRUW,2418,9/13/2026,Conteúdo programático,OK,Mobilização política,OK,Image,,,2026-09-25 14:40:01.444279+00
158,Renan,https://www.instagram.com/p/Ddb1mgnRuoC/,Que o Ministro Mendonça faça o que manda a lei.,64728,Ddb1mgnRuoC,2070,9/18/2026,Conteúdo programático,OK,Campanha negativa,OK,Video,,,2026-09-25 14:40:01.444279+00